email;get;phone
risus@mattisIntegereu.ca;08/03/13;(03066) 6000080
Donec@volutpat.com;15/08/14;(0589) 13402822
Nunc@malesuadamalesuadaInteger.com;21/10/15;(035232) 216872
Sed@eratnequenon.org;12/03/16;(032296) 000066
Quisque.ac@nectempus.ca;25/12/13;(038032) 751690
neque@dictum.co.uk;02/11/15;(035354) 453112
luctus.et@ridiculusmusAenean.com;01/08/14;(040) 30572176
pellentesque.tellus@acarcu.edu;13/12/13;(066) 99185853
nibh@amet.com;21/09/12;(0131) 43496509
iaculis@Morbiquisurna.com;27/09/12;(055) 51482096
accumsan@nec.net;20/08/13;(031259) 914346
vitae.purus@imperdiet.co.uk;21/11/13;(034404) 430139
vel.arcu@Curabiturvellectus.net;05/09/14;(0805) 44643907
turpis.egestas@idblanditat.ca;20/08/12;(093) 83081296
senectus.et.netus@conubianostra.edu;29/10/12;(031958) 209792
est.vitae.sodales@nisisemsemper.edu;29/06/13;(076) 37806265
Vivamus.nibh@sollicitudincommodo.org;04/08/12;(058) 54040920
dui.in@Vestibulumuteros.edu;02/12/15;(01298) 5043558
diam@faucibus.ca;19/12/13;(064) 37641622
massa@ametanteVivamus.com;20/11/12;(035399) 251442
sagittis.augue.eu@dui.net;04/08/14;(06187) 3191717
vehicula.aliquet.libero@Nullamutnisi.co.uk;16/08/12;(060) 76350083
sed@penatibus.com;10/04/15;(03951) 0525408
tempor.est@nectempus.net;29/11/15;(074) 27256504
morbi@nonsollicitudina.ca;27/01/13;(0309) 84634971
vitae.posuere.at@magna.com;04/10/12;(008) 82704695
nunc.ullamcorper.eu@magnaLorem.co.uk;30/10/12;(038886) 590870
dignissim.pharetra.Nam@vitaeodiosagittis.com;06/07/14;(020) 81631613
Cras.lorem@tincidunt.net;12/04/13;(0135) 25452456
placerat@orciUt.ca;08/01/14;(032631) 167303
gravida.mauris.ut@Aliquam.org;14/04/16;(001) 26577107
eu.euismod@diamDuismi.edu;31/01/14;(05587) 1931241
Aenean.sed@dui.edu;24/10/13;(095) 42047738
neque.Nullam.nisl@eget.org;06/09/15;(0864) 39012708
varius.ultrices@nec.org;25/06/14;(055) 57974555
sodales.nisi@purusaccumsan.org;08/05/15;(0207) 95639569
elit.dictum.eu@sitamet.com;08/10/14;(0807) 64565015
Curabitur.egestas@risusMorbi.edu;29/03/14;(049) 51347587
ut@risus.ca;03/04/14;(037419) 118926
Vivamus.euismod@euismodacfermentum.org;03/08/15;(090) 55394259
eget.mollis@Suspendisse.edu;11/05/13;(040) 77580167
molestie.tellus.Aenean@porttitorvulputate.edu;08/04/15;(032851) 270461
ultrices.mauris.ipsum@dignissimlacus.ca;18/02/13;(032359) 754205
fermentum.fermentum@urnaUttincidunt.net;01/02/13;(034360) 469927
non.enim.Mauris@et.co.uk;02/12/14;(077) 68884016
sit@ametfaucibusut.net;05/12/12;(080) 45412383
elit.pharetra.ut@nullaIntegerurna.net;27/04/15;(012) 94190754
nec.metus@bibendum.org;07/10/12;(034116) 642872
at.nisi@egetmetusIn.co.uk;26/03/15;(0620) 72492225
velit.in.aliquet@non.org;27/07/15;(032863) 313756
diam.lorem.auctor@mollislectus.co.uk;27/10/12;(091) 11402133
dolor.Nulla.semper@ridiculusmus.co.uk;11/03/15;(03863) 3675455
ipsum.cursus.vestibulum@vulputatevelit.net;25/10/13;(038974) 256915
eget.venenatis.a@Proindolor.ca;02/04/14;(075) 84849633
consectetuer@leoCrasvehicula.co.uk;20/01/14;(08552) 2223750
mi@arcuVivamussit.edu;07/03/13;(030221) 054498
Fusce@nonenimcommodo.com;16/06/15;(034447) 922834
ullamcorper.Duis@mi.com;20/12/15;(00706) 4964166
Vestibulum@aliquetnec.com;25/06/14;(011) 91758594
nec.ligula.consectetuer@commodo.edu;18/12/12;(056) 71568918
lectus.pede@velit.com;09/12/13;(04921) 6334527
fames@amet.com;11/03/15;(036824) 491458
Phasellus.in@magnased.net;21/09/14;(033391) 339869
facilisis.magna.tellus@eratvolutpat.ca;12/07/13;(078) 52275032
risus.at@loremauctor.org;04/08/15;(0872) 60938176
tristique.senectus.et@DonecnibhQuisque.edu;16/02/13;(03571) 1114912
purus@egetodio.org;25/09/12;(033050) 393905
lacinia@magnatellus.edu;06/08/12;(02467) 2442029
est.mollis@tempor.net;30/05/13;(06336) 0673231
diam@tinciduntaliquamarcu.org;21/01/14;(031819) 286833
erat.neque.non@velit.org;15/07/14;(0082) 73666773
convallis@vehicularisus.ca;29/08/14;(004) 11501827
eget.nisi.dictum@egetvolutpatornare.org;27/12/13;(0810) 25136701
Cras.lorem.lorem@ametorci.com;13/06/13;(0578) 95077743
non.enim.Mauris@pretium.net;30/08/13;(031030) 374607
massa@Sedid.ca;15/11/14;(0996) 96139421
posuere.at@Pellentesquehabitantmorbi.co.uk;03/09/15;(0121) 41086921
Duis.at.lacus@Quisqueporttitoreros.edu;23/07/12;(05728) 9655499
Nulla.tincidunt.neque@magnaDuis.co.uk;14/07/13;(00954) 0439237
Quisque.ac@arcuVestibulum.net;30/09/12;(057) 78732879
convallis.est@ipsum.org;06/01/16;(085) 69596348
convallis.erat.eget@sapien.com;11/03/13;(038818) 368026
purus.ac.tellus@faucibusut.com;08/02/15;(034998) 256496
Integer.sem.elit@enimnec.com;07/07/12;(032) 30139162
Integer@sit.net;30/05/15;(0438) 40108697
augue@felisNullatempor.org;01/03/16;(02268) 5586994
Duis.sit.amet@elitpretium.edu;19/07/12;(00150) 1761474
tempor.bibendum.Donec@enimSuspendisse.net;10/12/13;(036395) 364789
sem.ut.dolor@auctor.ca;22/02/13;(015) 20844361
sit.amet@consectetuerrhoncusNullam.com;18/07/14;(04716) 3589401
nec.urna@velitCraslorem.net;02/03/13;(0958) 17465826
primis.in@vitaedolor.net;11/06/13;(003) 95420257
ornare.elit@eratvitaerisus.edu;16/09/14;(00729) 8032252
sed@Nullam.co.uk;24/07/13;(056) 41877026
Pellentesque@Proin.ca;19/07/14;(03394) 4785689
sem.vitae@enimMaurisquis.com;09/08/15;(031029) 017053
Cras@lacusQuisquepurus.ca;22/05/15;(033) 67537284
ac.libero.nec@placeratvelitQuisque.edu;16/10/13;(034558) 848061
urna@urnaconvallis.com;16/04/16;(037893) 971372
molestie@risusDuis.com;21/04/16;(0167) 09558083