adress;employees;company
P.O. Box 710, 5219 Vitae St.;196;Id Erat Limited
1588 Ligula. Rd.;1;Orci Ut Semper LLC
9917 Blandit Rd.;21;Dictum Industries
P.O. Box 504, 9142 Neque. Rd.;193;Bibendum Foundation
P.O. Box 423, 3077 Felis. Ave;192;Metus Urna Convallis Consulting
4691 Curabitur Avenue;141;Nisi PC
135-7718 Sociis Road;157;Penatibus Et Company
846-2578 Ullamcorper, Road;175;Quisque Purus Sapien Corp.
Ap #274-8901 Magna. Ave;187;Dolor Foundation
135-1065 Ornare Av.;160;Nec Euismod In Associates
P.O. Box 504, 2403 Vitae Street;2;Nulla Vulputate LLC
Ap #128-884 Ultrices Road;70;Porttitor Scelerisque Corporation
Ap #780-8469 Hendrerit. Ave;74;Cras Dolor Dolor LLP
Ap #846-4741 Ut Rd.;73;Cras Dolor Dolor Institute
8144 Nibh. St.;167;Mi Duis Company
2324 Mollis. St.;156;Sagittis Placerat Cras Foundation
Ap #547-9298 Dictum Rd.;26;Ipsum Suspendisse Non Corp.
204-3952 Ut Street;43;Dis LLC
Ap #254-3209 Pulvinar Av.;176;Odio Corporation
1455 Penatibus Street;182;Erat Vitae Risus Industries
P.O. Box 539, 5912 Sem Street;107;Aliquam Limited
"5705 Curae; Street";193;Ipsum Ltd
P.O. Box 209, 4572 Integer Ave;124;Morbi Non LLC
810-8834 Cras Rd.;109;Arcu Vestibulum Ut Limited
P.O. Box 303, 6428 Vestibulum Rd.;47;Et Company
2413 Tristique Road;114;Morbi Accumsan Laoreet Associates
109-6242 Accumsan Rd.;22;Commodo Corp.
Ap #588-4442 Ipsum St.;198;Integer Company
2211 Metus. Rd.;173;Montes Nascetur Corp.
368-6217 Turpis. Av.;21;Sapien Nunc Corp.
Ap #825-1901 Et Road;123;Orci Phasellus Inc.
6791 In Street;143;Sem Semper Consulting
P.O. Box 379, 6970 Eget Rd.;36;Nibh Inc.
521-3809 Malesuada Road;25;Proin Consulting
Ap #641-771 Orci Rd.;124;Non Foundation
217 Metus Street;64;Ipsum Donec Sollicitudin Foundation
496 Dignissim Rd.;19;Cras Corporation
907-4299 Venenatis Rd.;57;Fringilla Est Incorporated
P.O. Box 910, 237 Dignissim Rd.;18;Sociis Natoque Corporation
4510 Tortor Street;179;Donec Associates
227 Erat, Ave;101;Tempus Foundation
710-6703 Eu Road;197;Mus Proin Institute
Ap #711-9273 Mauris St.;84;Sed Eu Eros Inc.
427-408 Tincidunt Avenue;34;Etiam PC
513-4051 Faucibus Rd.;119;Elementum Sem Company
8494 Tellus Street;26;Fringilla Euismod Consulting
607-9612 Ac Av.;150;Sit Amet Nulla PC
P.O. Box 504, 5972 Dictum Street;77;At LLP
2884 Magna Rd.;53;Nullam Scelerisque Neque Limited
Ap #663-1909 Molestie Av.;174;Vel Corp.
573-2884 Cursus Rd.;145;Mollis Integer Incorporated
9065 Non Rd.;58;Faucibus Corp.
367-8218 Dictum Street;164;Elit Pede Malesuada Incorporated
P.O. Box 278, 1105 Aliquet. Av.;93;Nec Tempus Incorporated
P.O. Box 621, 4746 Velit St.;121;Urna Associates
P.O. Box 479, 825 Arcu. St.;58;Amet Lorem Semper LLP
P.O. Box 477, 3737 Commodo St.;144;Vel Ltd
P.O. Box 207, 4858 In, Av.;98;Pede Institute
1227 Eu Av.;31;A Foundation
695-6070 At, Street;3;Duis Associates
Ap #421-4316 Id, St.;51;Adipiscing Elit Curabitur Limited
Ap #909-7574 Nunc St.;115;Nulla Company
Ap #806-5554 Sed Street;154;Ipsum LLC
9928 Nulla St.;15;Donec Elementum Lorem LLC
P.O. Box 362, 7516 Fames St.;91;Donec Vitae Erat Consulting
439-1773 Nullam Rd.;123;Semper Cursus Consulting
289-4055 Nam Av.;117;Quis Pede LLC
1186 Lorem, Avenue;36;Vulputate Eu Odio Consulting
7778 Non, St.;80;Lorem Tristique Limited
P.O. Box 321, 6580 Enim. St.;127;Iaculis Industries
Ap #313-772 Cursus Ave;13;Ornare Egestas Ligula Corporation
8855 A Rd.;175;Tellus Associates
777-8905 Maecenas Road;56;Non Limited
Ap #878-5138 A Av.;156;Magna Consulting
8838 Natoque Rd.;189;Ornare Industries
P.O. Box 768, 6727 Ullamcorper. Ave;170;Morbi Metus Company
Ap #819-1256 Consectetuer St.;173;Massa Quisque Corp.
595-1763 Gravida. St.;104;Convallis Dolor Quisque Ltd
P.O. Box 709, 8955 Donec Ave;97;Duis Risus PC
P.O. Box 998, 6211 Amet, Rd.;158;Metus In Lorem Inc.
316 Lectus, Ave;133;Lorem Ipsum Dolor LLP
9608 In St.;104;Venenatis Industries
P.O. Box 767, 5913 Orci. Ave;100;Blandit Enim Limited
3190 Ornare Avenue;194;In Aliquet Lobortis Inc.
P.O. Box 807, 7300 Eget Road;172;Nullam Velit Dui Foundation
481-5576 Leo. Avenue;94;Elit Pede Malesuada Industries
Ap #400-7389 Est Avenue;77;Vitae Diam Proin Consulting
P.O. Box 308, 1634 At Rd.;111;Feugiat LLC
P.O. Box 953, 431 Vel Rd.;43;Ornare Libero At PC
Ap #659-3219 Nec, St.;73;Penatibus Associates
162-1870 Egestas Street;98;Praesent Eu LLP
3780 Lacinia. Rd.;1;Duis Gravida Praesent Incorporated
Ap #479-1192 Sed Rd.;146;Morbi Neque Associates
P.O. Box 171, 9253 Cursus Av.;114;At Fringilla Purus Incorporated
P.O. Box 401, 9839 Lorem, Road;27;Aliquam Associates
Ap #446-579 Eget, St.;17;Dictum Company
354-8355 Justo Ave;10;Diam Corp.
9541 Eleifend Ave;55;Tempor LLC
5617 Sollicitudin Street;133;Felis Institute
Ap #529-5265 Porttitor Avenue;197;Fermentum Convallis Ligula Limited